date,open,close,high,low,volume,change,pct_change,amplitude_pct,turnover,turnover_rate
2024-01-02,78.864,77.255,80.251,77.197,147911.0,,,,,
2024-01-03,76.177,73.217,76.809,73.145,221087.0,-4.037999999999997,-5.226846158824672,4.7427350980519085,,
2024-01-04,73.008,72.505,73.705,71.327,166507.0,-0.7120000000000033,-0.9724517530081855,3.2478795908054146,,
2024-01-05,72.232,69.653,72.865,69.057,175521.0,-2.8519999999999897,-3.9335218260809435,5.252051582649463,,
2024-01-08,69.488,68.769,70.429,68.065,132630.0,-0.8840000000000003,-1.269148493245087,3.3939672375920695,,
2024-01-09,70.91,70.58,72.168,69.991,200011.0,1.8109999999999928,2.633454027250637,3.1656705783129127,,
2024-01-10,70.587,69.632,71.579,68.41,138602.0,-0.9479999999999933,-1.343156701615178,4.489940493057519,,
2024-01-11,69.632,72.067,72.85,69.567,192897.0,2.434999999999988,3.49695542279409,4.714786305147061,,
2024-01-12,71.521,70.034,71.773,69.315,138420.0,-2.032999999999987,-2.8209860268916254,3.4107150290701687,,
2024-01-15,69.172,70.982,72.218,69.172,126476.0,0.9479999999999933,1.3536282377131004,4.349316046491713,,
2024-01-16,70.271,69.84,70.537,68.482,169026.0,-1.141999999999996,-1.6088585838663239,2.895100166239338,,
2024-01-17,70.106,68.927,71.672,68.927,191932.0,-0.9129999999999967,-1.3072737686139702,3.9304123711340067,,
2024-01-18,67.505,76.694,76.78,67.354,370998.0,7.766999999999996,11.26844342565323,13.6753376760921,,
2024-01-19,78.469,77.535,79.389,77.097,318973.0,0.840999999999994,1.0965655722742218,2.988499752262239,,
2024-01-22,81.127,77.966,81.486,77.528,327150.0,0.4309999999999974,0.5558779905848965,5.104791384536014,,
2024-01-23,78.246,79.69,82.033,77.42,297570.0,1.7240000000000038,2.2112202755047106,5.916681630454301,,
2024-01-24,79.439,79.475,79.82,76.084,269552.0,-0.2150000000000034,-0.26979545739741484,4.688166645752278,,
2024-01-25,78.598,82.816,83.426,77.837,297010.0,3.341000000000008,4.203837684806544,7.03240012582573,,
2024-01-26,82.557,81.099,82.564,79.547,232150.0,-1.7169999999999987,-2.0732708655332277,3.6430158423492993,,
2024-01-29,79.439,72.376,79.439,67.261,426559.0,-8.722999999999999,-10.75598959296662,15.016214749873608,,
2024-01-30,71.787,70.494,73.799,70.156,213968.0,-1.882000000000005,-2.600309494860187,5.033436498286726,,
2024-01-31,69.646,71.643,75.3,68.733,282995.0,1.149000000000001,1.6299259511447728,9.315686441399258,,
2024-02-01,72.355,77.571,81.127,70.745,351116.0,5.927999999999997,8.274360370168754,14.491297126027652,,
2024-02-02,78.167,76.709,79.604,75.164,279578.0,-0.8619999999999948,-1.1112400252671684,5.723788529218391,,
2024-02-05,75.379,78.253,82.155,75.286,365547.0,1.543999999999997,2.0128016269277405,8.954620709434355,,
2024-02-06,77.291,87.507,87.507,76.673,354969.0,9.254000000000005,11.82574469988371,13.844836619682315,,
2024-02-07,86.228,87.313,88.305,85.144,270580.0,-0.19400000000000261,-0.2216965499902912,3.6122824459757523,,
2024-02-08,89.39,89.031,96.215,87.45,355918.0,1.7180000000000035,1.96763368570545,10.03859677253101,,
2024-02-19,96.934,107.28,107.28,93.959,415891.0,18.248999999999995,20.497354853927273,14.962204176073499,,
2024-02-20,107.711,112.381,114.889,106.274,448372.0,5.100999999999999,4.7548471290081995,8.030387770320651,,
2024-02-21,106.993,105.527,108.451,103.616,451416.0,-6.853999999999999,-6.098895720806896,4.302328685453941,,
2024-02-22,111.339,108.796,112.482,105.175,419515.0,3.2690000000000055,3.097785400892672,6.92429425644622,,
2024-02-23,112.74,103.925,113.459,103.436,490341.0,-4.871000000000009,-4.477186661274324,9.212654877017533,,
2024-02-26,99.829,104.859,106.569,99.829,332927.0,0.9339999999999975,0.89872504209767,6.485446235265825,,
2024-02-27,103.731,114.134,116.117,102.696,451323.0,9.275000000000006,8.845211188357705,12.799092114172373,,
2024-02-28,113.459,105.419,114.824,105.419,401106.0,-8.715000000000003,-7.635761473355885,8.24031401685738,,
2024-02-29,107.711,109.263,111.878,106.274,368094.0,3.8440000000000083,3.646401502575447,5.315929765981464,,
2024-03-01,109.888,113.531,115.27,109.888,378207.0,4.268000000000001,3.906171348031817,4.92572966145904,,
2024-03-04,117.13,116.807,120.399,112.819,405035.0,3.2759999999999962,2.8855554870475864,6.676590534743812,,
2024-03-05,115.111,119.322,127.038,114.623,469234.0,2.5150000000000006,2.1531243846687254,10.628643831277227,,
2024-03-06,117.77,117.971,120.069,114.781,304080.0,-1.350999999999999,-1.132230435292736,4.431705804461873,,
2024-03-07,119.925,115.715,123.352,115.614,303689.0,-2.2560000000000002,-1.9123343872646692,6.559239135041663,,
2024-03-08,119.113,123.511,124.904,116.081,364538.0,7.795999999999992,6.737242362701457,7.624767748347226,,
2024-03-11,117.791,120.356,120.622,115.816,341617.0,-3.155000000000001,-2.5544283505112952,3.891151395422268,,
2024-03-12,119.782,116.225,121.068,112.575,361905.0,-4.131,-3.4323174582073235,7.056565522283888,,
2024-03-13,120.938,116.333,121.276,116.254,317684.0,0.10800000000000409,0.09292320929232822,4.320929232092916,,
2024-03-14,114.177,119.588,121.362,114.177,311017.0,3.2549999999999955,2.7980022865395027,6.176235461992718,,
2024-03-15,117.77,125.213,127.397,116.757,389742.0,5.625,4.703649195571469,8.897213767267619,,
2024-03-18,126.212,127.103,131.478,125.379,329936.0,1.8900000000000006,1.5094279347991124,4.870899986423138,,
2024-03-19,122.303,122.663,124.703,120.967,332772.0,-4.439999999999998,-3.493229900159711,2.939348402476735,,
2024-03-20,121.362,119.178,123.992,117.051,321580.0,-3.4849999999999994,-2.8411175334045358,5.658593055770691,,
2024-03-21,119.379,118.258,121.836,117.288,253273.0,-0.9200000000000017,-0.7719545553709573,3.816140562855562,,
2024-03-22,118.488,118.258,120.299,117.31,226153.0,0.0,0.0,2.5275245649343,,
2024-03-25,118.46,117.418,121.276,115.614,223357.0,-0.8399999999999892,-0.7103113531431227,4.787836763686171,,
2024-03-26,116.699,111.663,121.923,105.556,465246.0,-5.75500000000001,-4.901292817114933,13.939089407075581,,
2024-03-27,113.301,108.573,114.156,107.539,290856.0,-3.0900000000000034,-2.7672550441954824,5.925866222472981,,
2024-03-28,109.155,108.925,112.654,106.368,263309.0,0.35200000000000387,0.324205833862945,5.78965304449541,,
2024-03-29,107.783,110.269,110.585,106.885,167220.0,1.3440000000000083,1.2338765205416546,3.396832683038778,,
2024-04-01,111.153,114.896,115.528,109.701,217931.0,4.626999999999995,4.196102259021117,5.28435008932702,,
2024-04-02,114.177,114.573,117.051,112.762,194556.0,-0.3230000000000075,-0.2811237989138071,3.732941094555077,,
2024-04-03,112.022,109.938,113.136,109.601,166304.0,-4.634999999999991,-4.045455735644521,3.0853691532909124,,
2024-04-08,109.579,116.017,119.422,109.579,259243.0,6.0789999999999935,5.529480252505947,8.953228183157783,,
2024-04-09,115.614,116.261,117.037,112.906,170383.0,0.24399999999999977,0.21031400570605818,3.5606850720153087,,
2024-04-10,114.371,112.381,116.247,110.585,168491.0,-3.8799999999999955,-3.337318619313434,4.87007680993627,,
2024-04-11,113.459,112.848,116.031,112.59,148863.0,0.46699999999999875,0.4155506713768409,3.061905482243442,,
2024-04-12,115.614,119.444,123.015,115.255,307351.0,6.596000000000004,5.845030483482216,6.876506451155541,,
2024-04-15,118.337,119.566,121.75,117.454,179396.0,0.12199999999999989,0.10213991493921437,3.5966645457285478,,
2024-04-16,117.985,117.31,121.721,114.932,187935.0,-2.2560000000000002,-1.8868240135155534,5.67803556194905,,
2024-04-17,118.725,123.237,124.272,117.051,214536.0,5.9269999999999925,5.0524251981928225,6.155485465859691,,
2024-04-18,120.399,122.354,124.452,118.632,164135.0,-0.8829999999999956,-0.7165055949106103,4.72260765841427,,
2024-04-19,121.47,120.428,123.69,115.543,214528.0,-1.926000000000002,-1.5741209931837141,6.658548147179488,,
2024-04-22,109.148,111.562,112.733,106.188,349183.0,-8.866,-7.362075264888568,5.434782608695653,,
2024-04-23,112.0,110.951,114.077,108.767,240667.0,-0.6110000000000042,-0.5476775246051613,4.7596851974686745,,
2024-04-24,112.575,118.682,119.207,111.203,276107.0,7.731000000000009,6.967940802696693,7.213995367324307,,
2024-04-25,116.261,115.722,118.366,115.097,166718.0,-2.960000000000008,-2.49405975632363,2.7544193727776793,,
2024-04-26,120.637,130.602,132.844,120.356,406578.0,14.88000000000001,12.858402032457095,10.791379340142756,,
2024-04-29,132.829,132.642,134.295,131.076,249760.0,2.039999999999992,1.5619975191804025,2.464740203059673,,
2024-04-30,132.499,131.644,136.364,131.493,165901.0,-0.9979999999999905,-0.7524012002231517,3.672290827942891,,
2024-05-06,135.013,129.424,136.17,129.158,198702.0,-2.219999999999999,-1.6863662605207996,5.32648658503236,,
2024-05-07,132.7,124.804,133.375,121.434,308644.0,-4.6200000000000045,-3.5696625046359287,9.226264062306837,,
2024-05-08,123.877,123.374,125.623,122.44,160688.0,-1.4300000000000068,-1.1457966090830496,2.5503990256722595,,
2024-05-09,122.727,122.21,123.23,118.646,182080.0,-1.1640000000000015,-0.9434726927877835,3.7155316355147785,,
2024-05-10,120.5,120.787,121.851,117.54,153239.0,-1.4229999999999876,-1.164389166189339,3.5275345716389768,,
2024-05-13,121.721,121.039,124.236,120.256,166640.0,0.25199999999999534,0.20863172361262894,3.2950565872155146,,
2024-05-14,121.262,116.642,122.081,116.11,214661.0,-4.397000000000006,-3.632713422946332,4.933120729682171,,
2024-05-15,116.34,117.605,120.795,115.974,154121.0,0.9630000000000081,0.8256031275184039,4.133159582311687,,
2024-05-16,121.348,120.285,123.216,119.925,232075.0,2.6799999999999926,2.2788146762467543,2.798350410271669,,
2024-05-17,118.345,120.342,122.303,115.78,199081.0,0.05700000000000216,0.04738745479486717,5.422953818015543,,
2024-05-20,119.207,124.854,126.284,117.411,242249.0,4.5120000000000005,3.7493144538066625,7.373153180103376,,
2024-05-21,124.71,125.264,127.326,124.057,133052.0,0.4099999999999966,0.32838355198872016,2.618258125490566,,
2024-05-22,124.236,122.203,124.868,121.88,139400.0,-3.060999999999993,-2.443639034359424,2.3853621152126707,,
2024-05-23,125.673,122.648,126.873,119.121,221645.0,0.4449999999999932,0.3641481796682555,6.343543120872654,,
2024-05-24,121.362,116.613,126.923,116.319,273666.0,-6.034999999999997,-4.920585741308459,8.645880894918792,,
2024-05-27,117.13,118.769,120.565,116.333,166951.0,2.156000000000006,1.8488504712167675,3.6290979564885557,,
2024-05-28,117.77,113.466,118.05,112.812,247346.0,-5.3030000000000115,-4.464969815355868,4.410241729744293,,
2024-05-29,116.333,113.459,117.051,113.078,157898.0,-0.006999999999990791,-0.006169248938003857,3.50148943295789,,
2024-05-30,113.531,112.719,114.824,111.778,109585.0,-0.7400000000000091,-0.6522179818260421,2.6846702333001278,,
2024-05-31,110.585,110.779,114.666,108.818,149536.0,-1.9399999999999977,-1.7210940480309467,5.188122676744825,,
2024-06-03,113.459,118.74,121.154,112.259,285076.0,7.9609999999999985,7.186380090089273,8.029500176026138,,
2024-06-04,119.925,122.081,123.511,119.494,204402.0,3.341000000000008,2.8137106282634328,3.383021728145525,,
2024-06-05,121.434,117.741,122.44,117.741,141072.0,-4.340000000000003,-3.555016751173401,3.849083805014702,,
2024-06-06,121.4,123.52,128.02,121.4,405410.0,5.778999999999996,4.908230777723976,5.622510425425302,,
2024-06-07,122.2,117.61,124.04,117.09,315917.0,-5.909999999999997,-4.784650259067358,5.626619170984458,,
2024-06-11,117.09,117.11,119.76,115.49,199735.0,-0.5,-0.42513391718391746,3.630643652750625,,
2024-06-12,117.1,117.31,119.43,115.12,166250.0,0.20000000000000284,0.17077960891469512,3.6803005721116917,,
2024-06-13,118.97,121.8,124.53,117.78,306309.0,4.489999999999995,3.8274656891995607,5.753985167504902,,
2024-06-14,123.11,136.4,138.58,122.18,586874.0,14.600000000000009,11.98686371100164,13.464696223316919,,
2024-06-17,139.1,140.61,143.04,138.6,378266.0,4.210000000000008,3.0865102639296316,3.255131964809382,,
2024-06-18,140.68,145.01,149.59,140.68,344578.0,4.399999999999977,3.129222672640619,6.336675912097288,,
2024-06-19,147.85,144.1,148.34,142.3,246413.0,-0.9099999999999966,-0.6275429280739209,4.16522998413902,,
2024-06-20,144.1,142.8,147.06,142.76,208398.0,-1.299999999999983,-0.9021512838306656,2.9840388619014653,,
2024-06-21,138.6,141.1,143.9,138.11,236958.0,-1.700000000000017,-1.1904761904761973,4.054621848739489,,
2024-06-24,143.3,138.31,144.59,137.65,204613.0,-2.789999999999992,-1.9773210489014814,4.918497519489722,,
2024-06-25,133.1,133.0,135.7,131.65,264489.0,-5.310000000000002,-3.8392017930735323,2.9282047574289516,,
2024-06-26,136.1,138.1,138.87,135.7,266283.0,5.099999999999994,3.8345864661654128,2.3834586466165533,,
2024-06-27,136.07,134.24,138.1,133.9,173074.0,-3.859999999999985,-2.7950760318609547,3.0412744388124464,,
2024-06-28,134.1,135.98,139.94,133.85,228263.0,1.7399999999999807,1.2961859356376504,4.536650774731825,,
2024-07-01,135.45,143.0,144.43,135.11,296493.0,7.02000000000001,5.162523900573612,6.853949110163255,,
2024-07-02,143.08,143.71,145.76,140.8,228769.0,0.710000000000008,0.49650349650349757,3.468531468531454,,
2024-07-03,142.1,141.6,142.55,138.2,151175.0,-2.1100000000000136,-1.468234639203958,3.0269292324820976,,
2024-07-04,143.9,141.11,145.45,141.11,172767.0,-0.4899999999999807,-0.3460451977400969,3.0649717514124117,,
2024-07-05,141.7,139.6,142.38,136.81,180387.0,-1.5100000000000193,-1.0700871660406897,3.9472751753950766,,
2024-07-08,144.19,142.49,145.1,140.49,203808.0,2.890000000000015,2.0702005730659057,3.3022922636103047,,
2024-07-09,141.99,152.43,154.1,140.51,310068.0,9.939999999999998,6.975928135307741,9.537511404309077,,
2024-07-10,152.1,155.63,156.07,150.68,236345.0,3.1999999999999886,2.099324279997372,3.536049334120571,,
2024-07-11,157.31,151.36,157.78,147.4,290843.0,-4.269999999999982,-2.7436869498168592,6.669665231639141,,
2024-07-12,146.21,148.22,149.07,144.1,200312.0,-3.140000000000015,-2.0745243128964197,3.2835623678646924,,
2024-07-15,146.1,147.68,149.47,143.4,179397.0,-0.539999999999992,-0.36432330319794426,4.095263797058422,,
2024-07-16,147.78,146.22,148.58,141.9,252086.0,-1.460000000000008,-0.9886240520043388,4.523293607800655,,
2024-07-17,145.08,139.81,145.57,138.53,289923.0,-6.409999999999997,-4.383805225003412,4.814662836821223,,
2024-07-18,134.11,138.1,138.61,131.35,337909.0,-1.710000000000008,-1.223088477219092,5.192761605035419,,
2024-07-19,135.3,133.08,137.4,133.06,224671.0,-5.019999999999982,-3.6350470673424895,3.1426502534395393,,
2024-07-22,132.1,132.7,134.6,130.24,206271.0,-0.3800000000000239,-0.28554253080855796,3.2762248271716143,,
2024-07-23,135.1,129.02,135.18,129.0,202718.0,-3.6799999999999784,-2.773172569706084,4.65712132629993,,
2024-07-24,127.61,128.44,133.6,127.29,221289.0,-0.5800000000000125,-0.4495427065571378,4.8907146178886896,,
2024-07-25,124.8,120.37,125.48,118.95,343554.0,-8.069999999999993,-6.283089380255369,5.0840859545313,,
2024-07-26,120.81,122.35,123.9,119.17,224745.0,1.9799999999999898,1.6449281382404202,3.9295505524632417,,
2024-07-29,122.09,127.69,129.41,121.26,269963.0,5.340000000000003,4.364527993461387,6.661217817735997,,
2024-07-30,126.1,125.76,127.58,123.78,158539.0,-1.9299999999999926,-1.51147309891142,2.975957396820422,,
2024-07-31,124.48,127.6,128.1,121.2,281327.0,1.8399999999999892,1.4631043256997378,5.486641221374039,,
2024-08-01,132.6,128.0,133.55,127.61,279792.0,0.4000000000000057,0.31347962382446415,4.655172413793113,,
2024-08-02,120.48,117.08,122.32,116.78,379676.0,-10.920000000000002,-8.531250000000002,4.328124999999994,,
2024-08-05,111.14,108.22,114.9,107.09,470589.0,-8.86,-7.567475230611542,6.670652545268195,,
2024-08-06,113.0,112.58,115.34,111.02,333818.0,4.359999999999999,4.028830160783592,3.991868416189251,,
2024-08-07,111.1,111.42,114.1,110.1,206353.0,-1.1599999999999966,-1.030378397583942,3.553028957186001,,
2024-08-08,108.1,108.6,110.39,107.1,204452.0,-2.8200000000000074,-2.5309639203015655,2.9527912403518273,,
2024-08-09,111.1,110.63,113.1,110.38,255182.0,2.030000000000001,1.8692449355432794,2.5046040515653765,,
2024-08-12,110.45,111.45,113.5,110.45,175290.0,0.8200000000000074,0.7412094368616229,2.7569375395462328,,
2024-08-13,113.1,115.04,116.59,112.2,254796.0,3.5900000000000034,3.221175414984301,3.938986092418125,,
2024-08-14,118.12,113.88,118.6,113.88,206355.0,-1.1600000000000108,-1.008344923504878,4.102920723226703,,
2024-08-15,113.86,113.2,115.02,111.9,149763.0,-0.6799999999999926,-0.5971197752019597,2.7397260273972517,,
2024-08-16,116.3,118.06,119.99,116.3,275063.0,4.859999999999999,4.2932862190812715,3.2597173144876304,,
2024-08-19,119.3,119.74,121.75,117.55,187254.0,1.6799999999999926,1.423005251567,3.557513128917502,,
2024-08-20,122.09,119.79,123.28,119.35,169605.0,0.05000000000001137,0.04175714047103263,3.2821112410222204,,
2024-08-21,118.3,120.32,121.87,118.1,133815.0,0.5299999999999869,0.4424409383086969,3.1471742215543954,,
2024-08-22,120.56,119.49,121.37,118.57,106735.0,-0.8299999999999983,-0.6898271276595702,2.3271276595744776,,
2024-08-23,119.09,118.02,119.58,116.6,122754.0,-1.4699999999999989,-1.2302284710017597,2.4939325466566276,,
2024-08-26,119.9,112.44,120.47,110.96,263663.0,-5.579999999999998,-4.728012201321807,8.057956278596851,,
2024-08-27,111.61,111.35,113.68,109.82,163776.0,-1.0900000000000034,-0.9694059053717563,3.432942013518333,,
2024-08-28,111.1,110.66,113.61,109.33,148952.0,-0.6899999999999977,-0.6196677144140073,3.843735967669512,,
2024-08-29,104.87,104.74,105.6,100.4,374851.0,-5.920000000000002,-5.349719862642333,4.699078257726359,,
2024-08-30,104.52,107.0,109.0,104.43,312595.0,2.260000000000005,2.157723887721974,4.3631850295970915,,
2024-09-02,106.65,102.23,107.47,102.1,220858.0,-4.769999999999996,-4.457943925233643,5.0186915887850505,,
2024-09-03,102.25,103.41,104.21,101.3,130149.0,1.1799999999999926,1.1542600019563753,2.8465225471974924,,
2024-09-04,97.1,100.0,101.26,96.1,312259.0,-3.4099999999999966,-3.2975534281017294,4.9898462431099615,,
2024-09-05,99.99,99.77,102.11,98.51,186346.0,-0.23000000000000398,-0.23000000000000798,3.5999999999999943,,
2024-09-06,99.1,97.52,100.31,97.29,144856.0,-2.25,-2.255186929938857,3.026962012629043,,
2024-09-09,96.7,100.1,100.4,95.86,194696.0,2.5799999999999983,2.645611156685801,4.65545529122232,,
2024-09-10,100.3,104.53,106.83,99.44,330988.0,4.430000000000007,4.42557442557443,7.382617382617383,,
2024-09-11,106.48,104.28,107.25,103.66,196116.0,-0.25,-0.23916578972543734,3.434420740457288,,
2024-09-12,109.1,106.1,110.1,106.0,221984.0,1.8199999999999932,1.7453011123897078,3.9317222861526604,,
2024-09-13,106.4,114.04,114.8,106.37,352840.0,7.940000000000012,7.483506126295958,7.945334590009419,,
2024-09-18,112.1,111.74,114.32,111.11,151176.0,-2.3000000000000114,-2.0168361978253335,2.8148018239214254,,
2024-09-19,112.22,108.13,112.69,104.76,273385.0,-3.6099999999999994,-3.2307141578664766,7.096831931269011,,
2024-09-20,110.0,107.1,110.6,106.28,160763.0,-1.0300000000000011,-0.9525571071857919,3.995190973827794,,
2024-09-23,106.28,107.0,109.31,105.59,126153.0,-0.09999999999999432,-0.09337068160597539,3.4733893557422966,,
2024-09-24,107.23,120.26,120.27,107.23,360207.0,13.260000000000005,12.392523364485996,12.186915887850459,,
2024-09-25,123.79,120.09,124.6,119.71,286312.0,-0.1700000000000017,-0.1413603858307022,4.066189921836022,,
2024-09-26,121.11,127.78,128.08,119.8,268390.0,7.689999999999998,6.403530685319336,6.894828878341257,,
2024-09-27,126.89,131.7,135.78,124.16,495555.0,3.9199999999999875,3.0677727343872085,9.093754891219287,,
2024-09-30,134.1,152.96,153.6,130.1,613065.0,21.26000000000002,16.142748671222495,17.843583902809417,,
2024-10-08,183.9,183.93,183.93,159.8,749893.0,30.97,20.247123430962333,15.775366108786606,,
2024-10-09,173.21,164.5,183.67,161.6,657548.0,-19.430000000000007,-10.563801446202358,11.99913010384385,,
2024-10-10,166.3,160.81,167.79,155.1,463609.0,-3.6899999999999977,-2.2431610942249214,7.714285714285713,,
2024-10-11,157.11,157.74,166.4,154.79,351761.0,-3.069999999999993,-1.9090852558920401,7.219700267396314,,
2024-10-14,157.1,160.1,160.68,150.45,422674.0,2.359999999999985,1.4961328768860138,6.485355648535577,,
2024-10-15,159.1,155.9,165.16,155.78,326374.0,-4.199999999999989,-2.623360399750152,5.858838226108679,,
2024-10-16,149.96,146.8,152.83,145.76,378805.0,-9.099999999999994,-5.837075048107754,4.534958306606813,,
2024-10-17,149.1,148.6,151.6,146.85,251067.0,1.799999999999983,1.2261580381471182,3.2356948228882834,,
2024-10-18,148.1,166.1,175.1,147.76,586464.0,17.5,11.776581426648725,18.398384925975776,,
2024-10-21,164.5,163.07,169.9,157.21,547727.0,-3.030000000000001,-1.8242022877784425,7.639975918121612,,
2024-10-22,167.1,168.1,168.43,161.6,407264.0,5.030000000000001,3.084564910774512,4.188385355982102,,
2024-10-23,158.1,154.26,160.72,153.8,605579.0,-13.840000000000003,-8.233194527067223,4.1165972635336034,,
2024-10-24,152.95,155.2,164.08,152.6,440364.0,0.9399999999999977,0.6093608193958211,7.441981070919239,,
2024-10-25,156.99,154.46,157.91,151.75,389426.0,-0.7399999999999807,-0.4768041237113274,3.969072164948452,,
2024-10-28,154.47,148.64,154.85,146.2,408521.0,-5.820000000000022,-3.7679658163926044,5.6001553800336685,,
2024-10-29,146.0,141.57,146.1,141.17,498015.0,-7.069999999999993,-4.756458557588806,3.3167384284176586,,
2024-10-30,141.1,139.35,143.6,137.42,368389.0,-2.219999999999999,-1.568128840856109,4.365331638058915,,
2024-10-31,138.1,141.12,144.38,136.9,374541.0,1.7700000000000102,1.2701829924650188,5.367778973806954,,
2024-11-01,139.58,138.83,143.96,137.61,295208.0,-2.289999999999992,-1.6227324263038523,4.4997165532879775,,
2024-11-04,140.09,141.25,145.0,139.09,260752.0,2.4199999999999875,1.7431390909745659,4.257004970107323,,
2024-11-05,141.25,146.39,146.93,140.6,443240.0,5.139999999999986,3.6389380530973403,4.481415929203549,,
2024-11-06,146.45,141.0,147.3,140.11,418908.0,-5.389999999999986,-3.681945488079774,4.911537673338342,,
2024-11-07,137.07,143.18,145.88,134.46,421563.0,2.180000000000007,1.5460992907801563,8.099290780141835,,
2024-11-08,145.61,140.31,149.32,140.31,494000.0,-2.8700000000000045,-2.0044698980304587,6.292778320994545,,
2024-11-11,139.1,143.0,145.3,136.12,434024.0,2.6899999999999977,1.9171833796593152,6.542655548428485,,
2024-11-12,143.11,145.6,148.87,140.61,545816.0,2.5999999999999943,1.8181818181818077,5.77622377622377,,
2024-11-13,144.62,154.4,156.18,142.2,670281.0,8.800000000000011,6.043956043956045,9.601648351648365,,
2024-11-14,152.85,146.91,154.67,146.19,396361.0,-7.490000000000009,-4.851036269430054,5.492227979274604,,
2024-11-15,146.91,138.6,150.98,138.3,379955.0,-8.310000000000002,-5.656524402695529,8.63113470832481,,
2024-11-18,137.1,130.11,138.06,128.98,407716.0,-8.48999999999998,-6.125541125541112,6.55122655122656,,
2024-11-19,131.43,132.9,134.77,127.97,298371.0,2.789999999999992,2.1443394051187337,5.226346937206987,,
2024-11-20,133.59,136.24,139.59,133.48,336938.0,3.3400000000000034,2.5131677953348364,4.597441685477813,,
2024-11-21,134.11,131.9,136.4,129.35,323285.0,-4.340000000000003,-3.1855549031121533,5.174691720493255,,
2024-11-22,131.9,130.38,137.08,129.88,301188.0,-1.5200000000000102,-1.152388172858232,5.458680818802136,,
2024-11-25,130.6,123.1,131.9,120.6,430137.0,-7.280000000000001,-5.583678478294218,8.66697346218746,,
2024-11-26,122.1,125.14,127.1,121.6,310497.0,2.0400000000000063,1.6571892770105734,4.467912266450041,,
2024-11-27,124.1,126.79,128.59,122.51,246176.0,1.6500000000000057,1.3185232539555836,4.858558414575674,,
2024-11-28,125.52,122.89,125.99,122.4,252412.0,-3.9000000000000057,-3.075952362173673,2.831453584667552,,
2024-11-29,123.1,124.83,127.96,122.63,284905.0,1.9399999999999977,1.5786475709984593,4.33721214093905,,
2024-12-02,126.09,130.13,132.26,125.55,347663.0,5.299999999999997,4.245774252984047,5.3753104221741514,,
2024-12-03,130.1,128.1,131.3,126.98,199422.0,-2.030000000000001,-1.559978483055402,3.319757165911018,,
2024-12-04,127.68,126.12,129.48,125.4,185633.0,-1.9799999999999898,-1.5456674473067866,3.1850117096018615,,
2024-12-05,127.21,129.94,132.56,127.05,317611.0,3.819999999999993,3.028861401839511,4.368855058674282,,
2024-12-06,130.16,129.61,132.3,128.89,202956.0,-0.3299999999999841,-0.2539633677081654,2.6242881329844736,,
2024-12-09,129.65,123.2,129.69,121.51,376291.0,-6.410000000000011,-4.945606048915985,6.311241416557357,,
2024-12-10,126.95,121.25,126.96,119.62,450225.0,-1.9500000000000028,-1.5827922077922052,5.957792207792199,,
2024-12-11,120.1,123.23,124.29,118.21,327307.0,1.980000000000004,1.6329896907216535,5.014432989690732,,
2024-12-12,123.1,128.27,129.72,122.98,450174.0,5.040000000000006,4.089913170494208,5.469447374827554,,
2024-12-13,128.1,125.2,129.48,123.26,346546.0,-3.0700000000000074,-2.393388945193742,4.849146331956018,,
2024-12-16,126.07,120.9,126.33,120.38,291855.0,-4.299999999999997,-3.4345047923322714,4.752396166134187,,
2024-12-17,121.1,124.09,128.57,120.65,412614.0,3.1899999999999977,2.638544251447472,6.550868486352347,,
2024-12-18,125.3,121.53,125.6,120.76,265389.0,-2.5600000000000023,-2.0630187766943364,3.900394874687718,,
2024-12-19,120.28,125.14,125.63,119.9,310959.0,3.6099999999999994,2.9704599687319977,4.714885213527515,,
2024-12-20,124.41,125.2,128.09,124.41,294910.0,0.060000000000002274,0.047946300143841825,2.9407064088221246,,
2024-12-23,127.6,130.69,133.86,126.38,521949.0,5.489999999999995,4.384984025559091,5.974440894568705,,
2024-12-24,131.11,129.71,132.3,126.28,350993.0,-0.9799999999999898,-0.7498660953401126,4.606320299946446,,
2024-12-25,129.32,133.09,136.04,128.79,363559.0,3.3799999999999955,2.6058129673887764,5.589391719990748,,
2024-12-26,133.97,138.9,139.6,131.66,428982.0,5.810000000000002,4.3654669772334564,5.96588774513487,,
2024-12-27,139.21,134.95,139.66,133.83,333322.0,-3.950000000000017,-2.843772498200159,4.19726421886248,,
2024-12-30,136.1,129.28,136.4,128.18,365015.0,-5.6699999999999875,-4.201556131900697,6.0911448684698035,,
2024-12-31,129.06,121.61,129.1,121.6,393877.0,-7.670000000000002,-5.932858910891092,5.801361386138614,,
2025-01-02,120.9,120.21,123.9,118.8,268596.0,-1.4000000000000057,-1.1512211166844866,4.193734067922053,,
2025-01-03,120.61,121.11,122.8,119.1,267897.0,0.9000000000000057,0.7486897928624892,3.0779469262124644,,
2025-01-06,122.98,123.59,126.38,122.6,263932.0,2.480000000000004,2.047725208488149,3.1211295516472637,,
2025-01-07,124.46,126.45,126.7,121.7,292006.0,2.8599999999999994,2.3141030827736886,4.045634760093859,,
2025-01-08,123.98,122.32,124.0,119.82,286371.0,-4.13000000000001,-3.266113088177147,3.3056544088572615,,
2025-01-09,121.11,119.61,121.8,119.58,293510.0,-2.7099999999999937,-2.2155003270111107,1.8149117069980372,,
2025-01-10,119.54,111.23,119.54,110.9,530303.0,-8.379999999999995,-7.006103168631384,7.223476297968398,,
2025-01-13,108.3,108.9,112.18,107.79,357467.0,-2.3299999999999983,-2.0947586082891267,3.946776948664929,,
2025-01-14,109.0,112.45,112.6,106.88,383434.0,3.549999999999997,3.2598714416896213,5.252525252525251,,
2025-01-15,111.31,108.64,111.48,108.33,293297.0,-3.8100000000000023,-3.3881725211205027,2.801244997776795,,
2025-01-16,109.98,117.59,118.47,108.8,710478.0,8.950000000000003,8.238217967599404,8.900957290132549,,
2025-01-17,118.1,115.0,118.68,113.25,446539.0,-2.5900000000000034,-2.2025682455991236,4.617739603707804,,
2025-01-20,116.06,117.26,119.5,115.94,390652.0,2.260000000000005,1.9652173913043525,3.0956521739130456,,
2025-01-21,120.1,117.66,121.06,116.48,382739.0,0.3999999999999915,0.3411222923418,3.9058502473136603,,
2025-01-22,119.98,130.1,132.05,119.7,844803.0,12.439999999999998,10.572836987931321,10.496345402005787,,
2025-01-23,130.68,125.85,132.77,125.41,608420.0,-4.25,-3.2667179093005427,5.657186779400472,,
2025-01-24,125.24,126.35,128.06,124.34,411116.0,0.5,0.3972983710766709,2.9558998808104877,,
2025-01-27,121.1,112.92,121.1,112.92,681942.0,-13.429999999999993,-10.629204590423424,6.474079936683809,,
2025-02-05,107.1,96.35,107.1,93.92,971081.0,-16.570000000000007,-14.674105561459449,11.671980162947213,,
2025-02-06,98.89,99.1,99.38,96.13,654658.0,2.75,2.8541774779449858,3.3731188375713548,,
2025-02-07,100.1,105.88,107.5,99.81,762699.0,6.780000000000001,6.841574167507569,7.759838546922299,,
2025-02-10,108.76,108.72,109.57,105.91,505152.0,2.8400000000000034,2.682281828485089,3.4567434831885127,,
2025-02-11,109.12,109.6,111.98,107.7,438795.0,0.8799999999999955,0.8094186902133815,3.936718175128772,,
2025-02-12,108.8,110.0,110.09,108.1,354246.0,0.4000000000000057,0.36496350364965124,1.8156934306569426,,
2025-02-13,109.1,106.22,109.43,106.16,394350.0,-3.780000000000001,-3.4363636363636374,2.972727272727282,,
2025-02-14,107.87,105.53,109.43,104.15,362389.0,-0.6899999999999977,-0.6495951798154764,4.970815289022784,,
2025-02-17,106.71,113.66,115.96,106.7,715224.0,8.129999999999995,7.703970434947394,8.774755993556326,,
2025-02-18,112.51,111.69,115.08,111.12,459562.0,-1.9699999999999989,-1.7332394861868772,3.484075312335029,,
2025-02-19,112.25,112.34,112.76,109.56,377064.0,0.6500000000000057,0.5819679469961647,2.865072969827203,,
2025-02-20,112.31,112.54,114.34,110.71,353730.0,0.20000000000000284,0.17803097739006457,3.231262239629704,,
2025-02-21,113.99,116.83,118.8,112.9,574486.0,4.289999999999992,3.811977963390789,5.242580415852133,,
2025-02-24,116.1,112.6,116.1,112.11,520554.0,-4.230000000000004,-3.620645382179233,3.4152186938286353,,
2025-02-25,109.11,109.45,111.22,108.6,457928.0,-3.1499999999999915,-2.7975133214919956,2.326820603907642,,
2025-02-26,108.86,110.32,110.46,106.11,494340.0,0.8699999999999903,0.7948835084513384,3.9744175422567327,,
2025-02-27,111.9,106.28,112.93,105.63,527821.0,-4.039999999999992,-3.6620739666424873,6.617113850616399,,
2025-02-28,101.1,98.97,102.07,98.32,555441.0,-7.310000000000002,-6.878057960105388,3.5284155062100115,,
2025-03-03,100.54,100.87,102.58,98.22,426040.0,1.9000000000000057,1.919773668788527,4.405375366272608,,
2025-03-04,96.38,100.56,101.38,95.9,321353.0,-0.3100000000000023,-0.30732626152473186,5.432735203727559,,
2025-03-05,101.08,101.56,103.07,100.49,252249.0,1.0,0.9944311853619769,2.5656324582338885,,
2025-03-06,102.1,103.27,104.58,100.9,409559.0,1.7099999999999937,1.683733753446237,3.6234738085860503,,
2025-03-07,101.87,100.34,101.89,99.96,327768.0,-2.9299999999999926,-2.8372228139827538,1.8688873825893355,,
2025-03-10,100.34,100.48,101.2,99.1,240640.0,0.14000000000000057,0.13952561291608045,2.092884193741288,,
2025-03-11,98.1,99.88,99.91,97.5,205600.0,-0.6000000000000085,-0.5971337579617875,2.398487261146493,,
2025-03-12,100.8,100.46,101.68,99.91,256009.0,0.5799999999999983,0.5806968362034315,1.772126551862245,,
2025-03-13,101.85,100.59,102.98,99.9,271436.0,0.13000000000000966,0.129404738204264,3.0658968743778603,,
2025-03-14,100.1,102.09,102.87,99.4,367064.0,1.5,1.4912019087384376,3.449647082214931,,
2025-03-17,103.1,102.36,103.91,102.1,264415.0,0.269999999999996,0.2644725242433088,1.7729454402977785,,
2025-03-18,102.33,106.96,107.97,100.91,652396.0,4.599999999999994,4.493942946463458,6.89722547870262,,
2025-03-19,104.78,103.08,104.78,102.88,352791.0,-3.8799999999999955,-3.6275243081525743,1.7763649962602897,,
2025-03-20,103.4,103.1,104.6,102.91,198893.0,0.01999999999999602,0.019402405898327757,1.6395032984090003,,
2025-03-21,102.42,100.55,103.06,100.21,227333.0,-2.549999999999997,-2.4733268671192965,2.76430649854511,,
2025-03-24,100.22,100.98,102.05,99.42,229785.0,0.4300000000000068,0.427647936350084,2.6156141223271963,,
2025-03-25,101.79,100.1,102.9,100.03,207223.0,-0.8800000000000097,-0.8714596949891185,2.842146959794023,,
2025-03-26,100.04,99.18,100.57,99.17,159092.0,-0.9199999999999875,-0.9190809190809057,1.39860139860139,,
2025-03-27,97.68,97.22,98.58,95.62,242059.0,-1.960000000000008,-1.9762048800161414,2.984472675942724,,
2025-03-28,97.1,95.51,97.22,95.51,201285.0,-1.7099999999999937,-1.7588973462250523,1.7588973462250503,,
2025-03-31,95.1,96.74,97.08,94.79,182507.0,1.2299999999999898,1.2878232645796128,2.3976546958433587,,
2025-04-01,97.13,96.71,97.49,96.34,122959.0,-0.030000000000001137,-0.031010957204880008,1.1887533595203552,,
2025-04-02,96.98,97.86,99.48,96.42,218279.0,1.1500000000000057,1.1891221176713929,3.164098852238654,,
2025-04-03,94.98,91.98,96.06,91.53,424985.0,-5.8799999999999955,-6.008583690987123,4.629061925199266,,
2025-04-07,78.2,73.2,80.6,73.2,616307.0,-18.78,-20.41748206131768,8.045227223309405,,
2025-04-08,73.29,70.38,74.86,68.57,692792.0,-2.8200000000000074,-3.8524590163934502,8.592896174863396,,
2025-04-09,68.08,70.09,71.64,65.3,595501.0,-0.28999999999999204,-0.4120488775220088,9.008240977550445,,
2025-04-10,78.28,75.59,79.6,75.2,709269.0,5.5,7.8470537879868685,6.277643030389486,,
2025-04-11,74.1,76.47,77.38,74.01,428937.0,0.8799999999999955,1.164175155443825,4.4582616748246995,,
2025-04-14,79.1,79.64,82.6,79.0,548927.0,3.1700000000000017,4.14541650320388,4.707728520988615,,
2025-04-15,79.25,78.27,79.48,77.39,249801.0,-1.3700000000000045,-1.7202410848819794,2.624309392265198,,
2025-04-16,76.63,76.09,76.81,74.76,266701.0,-2.1799999999999926,-2.7852306119841463,2.6191388782419796,,
2025-04-17,75.19,75.71,76.95,75.19,184925.0,-0.38000000000000966,-0.49940859508478264,2.313050335129459,,
2025-04-18,75.71,77.24,77.37,75.65,257548.0,1.5300000000000011,2.0208691057984396,2.271826707172103,,
2025-04-21,78.53,79.29,80.36,77.25,332028.0,2.0500000000000114,2.654065251165205,4.026411185914034,,
2025-04-22,78.1,78.17,78.68,77.21,236164.0,-1.1200000000000045,-1.4125362593013002,1.8539538403329714,,
2025-04-23,80.2,81.62,83.44,78.98,608234.0,3.450000000000003,4.413457848279401,5.70551362415248,,
2025-04-24,81.1,79.43,82.26,79.36,306174.0,-2.1899999999999977,-2.6831658907130573,3.55305072286205,,
2025-04-25,80.6,83.37,85.09,80.6,644758.0,3.9399999999999977,4.960342439884169,5.652776029208119,,
2025-04-28,83.37,81.49,83.62,81.31,311217.0,-1.8800000000000097,-2.255007796569519,2.770780856423176,,
2025-04-29,81.45,81.19,82.33,80.52,207647.0,-0.29999999999999716,-0.36814333046999437,2.221131427168981,,
2025-04-30,81.35,81.59,82.2,80.51,224421.0,0.4000000000000057,0.49267151126985986,2.0815371351151595,,
2025-05-06,83.27,84.75,85.29,83.25,347501.0,3.1599999999999966,3.873023654859664,2.5003064100992844,,
2025-05-07,86.86,84.75,87.14,83.74,314636.0,0.0,0.0,4.011799410029505,,
2025-05-08,86.96,94.59,96.1,86.23,991735.0,9.840000000000003,11.61061946902655,11.646017699115033,,
2025-05-09,92.79,92.9,94.56,92.1,423055.0,-1.6899999999999977,-1.7866582091130123,2.6006977481763482,,
2025-05-12,96.9,95.37,97.16,93.2,468250.0,2.469999999999999,2.658772874058135,4.262648008611404,,
2025-05-13,98.9,94.53,98.9,94.51,522157.0,-0.8400000000000034,-0.8807801195344522,4.603124672328825,,
2025-05-14,96.15,96.49,99.19,96.15,545564.0,1.9599999999999937,2.073415846821103,3.21591029302866,,
2025-05-15,96.1,92.22,96.18,92.2,434820.0,-4.269999999999996,-4.425329049642446,4.1247797699243485,,
2025-05-16,91.5,95.93,97.58,91.31,521695.0,3.710000000000008,4.022988505747138,6.798959011060503,,
2025-05-19,94.79,93.38,95.5,93.32,305671.0,-2.5500000000000114,-2.6581882622745856,2.272490357552389,,
2025-05-20,93.39,94.06,95.28,92.5,264243.0,0.6800000000000068,0.7282073249089915,2.977082887127866,,
2025-05-21,93.73,93.83,95.4,92.75,262242.0,-0.23000000000000398,-0.24452477142250517,2.817350627259202,,
2025-05-22,93.1,92.56,94.88,92.5,239775.0,-1.269999999999996,-1.3535116700415628,2.5365021848022975,,
2025-05-23,92.51,89.97,93.46,89.8,273099.0,-2.5900000000000034,-2.798184961106309,3.954191875540186,,
2025-05-26,90.09,90.46,91.09,88.96,187616.0,0.4899999999999949,0.5446259864399172,2.367455818606213,,
2025-05-27,89.09,88.26,90.28,86.98,278219.0,-2.1999999999999886,-2.4320141499004966,3.64802122485076,,
2025-05-28,89.1,90.72,91.09,89.1,306261.0,2.4599999999999937,2.7872195785180187,2.2547020167686482,,
2025-05-29,91.7,93.04,94.69,91.38,422422.0,2.3200000000000074,2.557319223985899,3.648589065255734,,
2025-05-30,91.88,91.65,92.48,90.61,212966.0,-1.3900000000000006,-1.4939810834049827,2.009888220120383,,
2025-06-03,90.6,89.86,91.32,89.85,183330.0,-1.7900000000000063,-1.9530823786143015,1.603927986906709,,
2025-06-04,91.09,95.4,96.07,91.09,611625.0,5.540000000000006,6.165145782328074,5.541954150901391,,
2025-06-05,95.4,100.98,101.68,94.6,677680.0,5.579999999999998,5.8490566037735725,7.421383647798755,,
2025-06-06,100.1,101.55,102.55,99.35,468038.0,0.5699999999999932,0.564468211527025,3.168944345414936,,
2025-06-09,103.41,106.65,109.26,103.21,726916.0,5.1000000000000085,5.0221565731167095,5.957656326932557,,
2025-06-10,106.2,105.87,107.83,104.71,479187.0,-0.7800000000000011,-0.7313642756680783,2.9254571026722966,,
2025-06-11,108.1,106.08,109.08,105.18,343044.0,0.20999999999999375,0.19835647492207897,3.683763105695656,,
2025-06-12,105.2,114.1,117.3,105.1,864869.0,8.019999999999996,7.560331825037703,11.500754147812975,,
2025-06-13,112.61,114.75,115.99,112.08,474889.0,0.6500000000000057,0.5696757230499561,3.4268185801928106,,
2025-06-16,115.02,118.67,121.55,115.0,593699.0,3.9200000000000017,3.4161220043573026,5.708061002178646,,
2025-06-17,119.11,117.46,120.3,116.0,358237.0,-1.210000000000008,-1.019634279935966,3.623493722086456,,
2025-06-18,116.61,123.16,123.7,114.2,678263.0,5.700000000000003,4.8527158181508545,8.0878596969181,,
2025-06-19,123.16,126.9,129.39,122.2,625735.0,3.740000000000009,3.036700227346545,5.837934394283845,,
2025-06-20,128.6,128.1,129.78,123.37,493005.0,1.1999999999999886,0.9456264775413725,5.051221434200155,,
2025-06-23,125.9,125.69,127.93,121.28,535024.0,-2.4099999999999966,-1.881342701014832,5.191256830601097,,
2025-06-24,126.98,123.85,128.57,122.9,450006.0,-1.8400000000000034,-1.4639191662025652,4.511098734982885,,
2025-06-25,125.6,124.33,127.29,121.8,492457.0,0.480000000000004,0.38756560355268643,4.432781590633839,,
2025-06-26,126.2,128.3,131.78,125.68,599787.0,3.970000000000013,3.1931150969195077,4.906297755972005,,
2025-06-27,127.77,137.0,138.87,125.16,662779.0,8.699999999999989,6.780982073265784,10.685892439594705,,
2025-06-30,140.1,144.46,145.2,136.61,752144.0,7.460000000000008,5.445255474452559,6.270072992700712,,
2025-07-01,142.19,143.9,145.38,141.35,319591.0,-0.5600000000000023,-0.38765056070885207,2.789699570815451,,
2025-07-02,141.1,137.53,141.2,136.73,365771.0,-6.3700000000000045,-4.426685198054203,3.1063238359972196,,
2025-07-03,140.07,140.86,142.44,138.09,383979.0,3.3300000000000125,2.4212899003853705,3.162946266269173,,
2025-07-04,141.71,138.05,143.78,137.15,418745.0,-2.8100000000000023,-1.9948885418145657,4.706801079085613,,
2025-07-07,136.1,133.75,138.37,128.81,575204.0,-4.300000000000011,-3.1148134733792188,6.925027164070991,,
2025-07-08,133.36,143.48,143.86,132.42,532241.0,9.72999999999999,7.274766355140172,8.553271028037402,,
2025-07-09,143.6,143.9,147.96,142.65,415096.0,0.4200000000000159,0.2927237245609282,3.7008642319487057,,
2025-07-10,145.12,145.19,147.28,140.6,435404.0,1.289999999999992,0.8964558721334281,4.642112578179296,,
2025-07-11,143.34,143.88,146.48,141.15,310989.0,-1.3100000000000023,-0.9022659962807378,3.671051725325425,,
2025-07-14,142.93,148.42,149.1,142.93,388532.0,4.539999999999992,3.1554072838476444,4.288295802057261,,
2025-07-15,153.9,173.41,173.59,153.9,924064.0,24.99000000000001,16.837353456407488,13.26640614472443,,
2025-07-16,178.4,169.36,180.57,168.27,905852.0,-4.049999999999983,-2.335505449512709,7.093016550371941,,
2025-07-17,167.79,175.45,177.59,167.77,604631.0,6.089999999999975,3.5958904109588907,5.798299480396783,,
2025-07-18,179.78,179.22,190.61,177.6,611562.0,3.7700000000000102,2.148760330578514,7.415218010829308,,
2025-07-21,178.49,186.55,187.0,175.78,596835.0,7.3300000000000125,4.08994531860285,6.260462002008705,,
2025-07-22,185.7,183.04,195.7,180.0,592913.0,-3.5100000000000193,-1.8815331010453074,8.4159742696328,,
2025-07-23,177.6,184.78,186.48,174.6,405784.0,1.740000000000009,0.9506118881118963,6.490384615384613,,
2025-07-24,189.1,183.8,191.56,180.27,442080.0,-0.9799999999999898,-0.5303604286178154,6.109968611321567,,
2025-07-25,184.6,183.82,188.5,183.11,287877.0,0.01999999999998181,0.010881392818262725,2.932535364526652,,
2025-07-28,184.6,190.47,191.83,182.8,438948.0,6.650000000000006,3.617669459253614,4.912414318354913,,
2025-07-29,196.61,208.53,209.59,196.61,584404.0,18.060000000000002,9.481808158765158,6.814721478448043,,
2025-07-30,205.66,209.2,210.4,202.19,390506.0,0.6699999999999875,0.32129669591904886,3.93708339327675,,
2025-07-31,219.6,216.21,227.2,214.53,644066.0,7.010000000000019,3.3508604206501147,6.0564053537284845,,
2025-08-01,211.12,209.23,219.48,206.23,475947.0,-6.980000000000018,-3.2283428148559334,6.128301188659173,,
2025-08-04,206.13,207.02,208.94,203.1,330837.0,-2.2099999999999795,-1.0562538832863289,2.7911867323041646,,
2025-08-05,215.1,209.52,216.97,202.1,414138.0,2.5,1.2076127910346734,7.1828808810742935,,
2025-08-06,205.31,209.12,212.18,205.21,255302.0,-0.4000000000000057,-0.1909125620465857,3.3266513936617024,,
2025-08-07,209.12,207.06,214.6,195.8,453077.0,-2.0600000000000023,-0.9850803366488137,8.990053557765867,,
2025-08-08,205.6,207.9,212.48,203.6,327315.0,0.8400000000000034,0.40567951318457585,4.288611996522745,,
2025-08-11,208.6,213.35,219.1,208.59,350763.0,5.449999999999989,2.6214526214526135,5.0553150553150505,,
2025-08-12,213.6,224.28,224.99,211.6,430829.0,10.930000000000007,5.123037262713859,6.276072181860799,,
2025-08-13,225.35,250.6,251.56,222.6,551265.0,26.319999999999993,11.735330836454438,12.912430889958983,,
2025-08-14,245.0,238.07,246.69,238.0,407601.0,-12.530000000000001,-5.000000000000004,3.467677573822824,,
2025-08-15,240.07,236.65,244.05,233.71,350541.0,-1.4199999999999875,-0.5964632251018509,4.343260385600875,,
2025-08-18,240.22,258.6,266.6,236.68,469850.0,21.950000000000017,9.275301077540687,12.643143883372074,,
2025-08-19,258.6,274.1,276.18,257.5,409789.0,15.5,5.993812838360402,7.2235112142304745,,
2025-08-20,260.59,266.39,267.6,256.01,408197.0,-7.710000000000036,-2.8128420284567857,4.228383801532299,,
2025-08-21,271.4,263.82,273.2,254.7,394436.0,-2.569999999999993,-0.9647509290889311,6.9447051315740085,,
2025-08-22,257.71,277.5,279.48,257.6,382582.0,13.680000000000007,5.185353650216062,8.293533469790008,,
2025-08-25,286.6,318.6,318.6,286.6,498061.0,41.10000000000002,14.810810810810814,11.531531531531531,,
2025-08-26,312.2,312.6,321.4,304.6,361919.0,-6.0,-1.883239171374762,5.273069679849327,,
2025-08-27,318.6,323.7,344.5,309.91,610746.0,11.099999999999966,3.550863723608444,11.065259117082524,,
2025-08-28,321.47,357.63,358.18,321.05,583916.0,33.93000000000001,10.481927710843376,11.470497374111831,,
2025-08-29,350.6,353.52,366.3,343.57,490333.0,-4.110000000000014,-1.149232446942372,6.355730783211705,,
2025-09-01,371.35,404.7,412.4,362.6,598651.0,51.18000000000001,14.47725729803122,14.08689748811947,,
2025-09-02,400.62,382.6,418.2,372.47,784127.0,-22.099999999999966,-5.460835186557933,11.299728193723736,,
2025-09-03,390.6,424.79,428.59,377.7,712352.0,42.19,11.027182435964455,13.301097752221638,,
2025-09-04,434.6,367.74,446.6,362.48,939057.0,-57.05000000000001,-13.430165493537983,19.802726052873183,,
2025-09-05,376.62,405.6,417.48,360.32,792551.0,37.860000000000014,10.29531734377549,15.543590580301306,,
2025-09-08,392.6,368.59,392.6,342.6,741116.0,-37.01000000000005,-9.124753451676536,12.327416173570018,,
2025-09-09,363.62,357.89,371.21,345.6,480631.0,-10.699999999999989,-2.9029545022925207,6.948099514365544,,
2025-09-10,376.6,383.6,394.08,369.18,620102.0,25.710000000000036,7.183771549917584,6.957445025007678,,
2025-09-11,400.79,438.57,442.59,400.79,656802.0,54.96999999999997,14.33003128258601,10.89676746611052,,
2025-09-12,415.6,420.69,430.59,408.6,472506.0,-17.879999999999995,-4.076886243929135,5.014022846979946,,
2025-09-15,408.6,406.62,418.57,396.24,357525.0,-14.069999999999993,-3.344505455323399,5.307946468896333,,
2025-09-16,408.63,410.02,420.57,394.82,442533.0,3.3999999999999773,0.8361615267325595,6.332693915695244,,
2025-09-17,403.6,404.8,411.58,389.71,324316.0,-5.21999999999997,-1.2731086288473636,5.3338861518950305,,
2025-09-18,392.81,408.0,428.59,387.81,561608.0,3.1999999999999886,0.7905138339920903,10.074110671936753,,
2025-09-19,414.0,420.1,423.6,398.63,466536.0,12.100000000000023,2.9656862745098156,6.1200980392156925,,
2025-09-22,415.89,416.6,420.4,393.28,412685.0,-3.5,-0.8331349678647904,6.45560580814092,,
2025-09-23,445.61,432.89,455.61,416.6,534440.0,16.289999999999964,3.9102256361017718,9.363898223715792,,
2025-09-24,414.61,422.1,433.6,408.6,393386.0,-10.789999999999964,-2.4925500704566894,5.775139180854259,,
2025-09-25,414.61,433.2,441.56,402.6,505592.0,11.099999999999966,2.6297085998578495,9.230040274816389,,
2025-09-26,427.65,412.3,440.9,412.3,351118.0,-20.899999999999977,-4.824561403508765,6.602031394275154,,
2025-09-29,408.72,415.35,431.77,401.69,429059.0,3.0500000000000114,0.7397526073247729,7.2956585010914345,,
2025-09-30,417.11,402.28,433.6,396.66,392893.0,-13.07000000000005,-3.1467437101240003,8.89370410497171,,
2025-10-09,417.6,397.41,425.26,396.28,390909.0,-4.869999999999948,-1.2105995823804228,7.203937555931198,,
2025-10-10,397.61,388.6,406.4,379.61,384286.0,-8.810000000000002,-2.2168541304949607,6.741148939382493,,
2025-10-13,368.0,375.99,381.0,360.8,409313.0,-12.610000000000014,-3.2449819866186336,5.1981471950591835,,
2025-10-14,384.0,345.1,384.94,343.0,514339.0,-30.889999999999986,-8.215644033085978,11.154551982765499,,
2025-10-15,344.0,353.12,356.0,336.0,353173.0,8.019999999999982,2.3239640683859752,5.795421616922631,,
2025-10-16,350.14,365.97,378.3,349.03,342568.0,12.850000000000023,3.638989578613505,8.288966923425475,,
2025-10-17,366.17,372.6,380.91,359.0,467636.0,6.6299999999999955,1.811623903598658,5.986829521545489,,
2025-10-20,407.19,402.0,420.21,394.58,601551.0,29.399999999999977,7.890499194847012,6.8786902844873845,,
2025-10-21,409.0,440.5,450.48,404.0,565179.0,38.5,9.577114427860689,11.562189054726373,,
2025-10-22,435.09,443.3,456.5,435.09,397499.0,2.8000000000000114,0.6356413166855868,4.860385925085136,,
2025-10-23,440.08,439.88,442.0,424.7,276011.0,-3.420000000000016,-0.7714865779381963,3.902549063839389,,
2025-10-24,449.0,493.0,494.65,436.1,491025.0,53.120000000000005,12.076020732927173,13.310448304082922,,
2025-10-27,502.98,507.94,514.0,494.56,450724.0,14.939999999999998,3.0304259634888364,3.9432048681541576,,
2025-10-28,502.3,512.0,535.0,500.0,417961.0,4.060000000000002,0.799307004764338,6.890577627278812,,
2025-10-29,537.01,519.72,541.01,505.16,417271.0,7.720000000000027,1.5078125000000053,7.001953124999993,,
2025-10-30,515.51,513.74,537.0,508.0,453310.0,-5.980000000000018,-1.1506195643808281,5.579927653351804,,
2025-10-31,502.0,472.01,508.0,471.0,563013.0,-41.73000000000002,-8.122785844979951,7.202086658621091,,
2025-11-03,469.67,479.0,482.4,456.51,398409.0,6.990000000000009,1.480900828372289,5.48505328276943,,
2025-11-04,488.6,476.8,503.29,472.88,360854.0,-2.1999999999999886,-0.45929018789143683,6.348643006263053,,
2025-11-05,461.02,476.01,479.0,457.79,264088.0,-0.7900000000000205,-0.1656879194630867,4.448406040268452,,
2025-11-06,487.0,495.88,506.88,481.27,373251.0,19.870000000000005,4.174282052898048,5.38013907270856,,
2025-11-07,490.0,489.05,498.79,478.0,243100.0,-6.829999999999984,-1.377349358715818,4.192546583850936,,
2025-11-10,487.88,489.0,494.88,459.0,352111.0,-0.05000000000001137,-0.010223903486350494,7.33667314180554,,
2025-11-11,492.68,467.05,498.66,463.0,325131.0,-21.94999999999999,-4.488752556237219,7.2924335378323155,,
2025-11-12,458.63,490.75,491.39,449.01,423022.0,23.69999999999999,5.074403168825614,9.073974949148912,,
2025-11-13,488.28,480.0,488.28,469.01,313317.0,-10.75,-2.1905247070809986,3.926642893530307,,
2025-11-14,464.18,461.82,472.88,453.22,247273.0,-18.180000000000007,-3.787499999999999,4.095833333333327,,
2025-11-17,474.2,482.2,487.64,467.4,282466.0,20.379999999999995,4.4129747520679,4.382659910787755,,
2025-11-18,473.7,471.91,489.8,469.01,240679.0,-10.289999999999964,-2.1339693073413435,4.311489008710083,,
2025-11-19,471.43,487.6,498.7,471.0,337865.0,15.689999999999998,3.3247865059015558,5.869763302324593,,
2025-11-20,514.0,491.0,521.38,489.33,353522.0,3.3999999999999773,0.6972928630024633,6.573010664479082,,
2025-11-21,471.99,463.01,482.0,459.0,414123.0,-27.99000000000001,-5.70061099796334,4.684317718940937,,
2025-11-24,469.0,455.8,475.99,435.96,464258.0,-7.2099999999999795,-1.5572017882983014,8.645601606876747,,
2025-11-25,476.01,478.66,493.8,469.01,439365.0,22.860000000000014,5.015357612988147,5.438788942518653,,
2025-11-26,474.2,542.22,555.88,469.4,628951.0,63.56,13.278736472652831,18.067103998662937,,
2025-11-27,536.0,523.0,557.77,522.36,437328.0,-19.220000000000027,-3.5446866585518877,6.530559551473565,,
2025-11-28,526.2,513.5,528.8,507.6,324657.0,-9.5,-1.8164435946462665,4.053537284894825,,
2025-12-01,523.0,537.0,545.5,514.0,372867.0,23.5,4.576436222005853,6.134371957156767,,
2025-12-02,541.0,541.0,550.13,534.5,271615.0,4.0,0.7448789571694592,2.910614525139664,,
2025-12-03,539.54,522.73,557.58,521.11,368328.0,-18.269999999999982,-3.3770794824399264,6.741219963031428,,
2025-12-04,516.37,534.5,535.53,511.34,263194.0,11.769999999999982,2.2516404262238554,4.6276280297668,,
2025-12-05,538.53,536.05,544.0,524.0,282826.0,1.5499999999999545,0.2899906454630452,3.7418147801683816,,
2025-12-08,542.0,569.0,584.0,538.0,408224.0,32.950000000000045,6.146814662811306,8.58128905885645,,
2025-12-09,569.09,605.0,612.0,567.54,371293.0,36.0,6.326889279437609,7.813708260105455,,
2025-12-10,608.06,615.0,619.0,588.5,302094.0,10.0,1.6528925619834656,5.041322314049586,,
2025-12-11,609.0,585.81,626.11,584.91,363531.0,-29.190000000000055,-4.746341463414638,6.699186991869927,,
2025-12-12,586.0,581.0,602.88,569.22,468789.0,-4.809999999999945,-0.821085334835514,5.745890305730522,,
2025-12-15,569.0,569.86,587.0,567.0,300987.0,-11.139999999999986,-1.9173838209982752,3.4423407917383817,,
2025-12-16,567.8,550.79,574.0,544.01,279702.0,-19.07000000000005,-3.346435966728678,5.262696100796688,,
2025-12-17,556.0,588.98,591.07,555.66,323570.0,38.190000000000055,6.933677082009493,6.428947511755857,,
2025-12-18,575.99,570.2,578.87,562.43,241629.0,-18.779999999999973,-3.188563278888923,2.79126625691875,,
2025-12-19,582.34,570.7,586.0,569.28,224429.0,0.5,0.08768853034022417,2.932304454577346,,
2025-12-22,589.01,616.5,621.0,589.01,394412.0,45.799999999999955,8.025232171018049,5.605396881023306,,
2025-12-23,624.0,620.0,627.99,613.0,233642.0,3.5,0.5677210056772131,2.431467964314681,,
2025-12-24,626.64,633.4,637.0,616.6,235091.0,13.399999999999977,2.1612903225806335,3.2903225806451575,,
2025-12-25,644.0,638.8,657.8,617.41,259387.0,5.399999999999977,0.8525418377012928,6.376697189769496,,
2025-12-26,627.3,626.0,635.95,617.0,213762.0,-12.799999999999955,-2.003757044458354,2.966499686912969,,
2025-12-29,626.64,617.0,632.69,611.73,241126.0,-9.0,-1.4376996805111841,3.348242811501603,,
2025-12-30,617.1,631.0,643.34,614.0,261145.0,14.0,2.269043760129663,4.755267423014592,,
2025-12-31,628.0,609.0,632.0,607.0,225604.0,-22.0,-3.4865293185419977,3.9619651347068143,,
2026-01-05,620.08,622.51,626.29,599.17,302042.0,13.509999999999991,2.218390804597692,4.4532019704433505,,
2026-01-06,605.0,604.25,614.8,589.2,335583.0,-18.25999999999999,-2.9332862122696812,4.112383736807426,,
2026-01-07,615.8,618.6,627.0,601.0,280015.0,14.350000000000023,2.374844848986357,4.30285477865122,,
2026-01-08,610.1,594.45,615.0,591.0,291962.0,-24.149999999999977,-3.9039767216294874,3.879728419010669,,
2026-01-09,574.94,582.2,594.0,560.61,385723.0,-12.25,-2.0607284044074303,5.61695685087055,,
2026-01-12,569.0,590.97,599.0,557.85,383608.0,8.769999999999982,1.506355204397103,7.068017863277219,,
2026-01-13,579.8,584.76,615.6,579.01,320559.0,-6.210000000000036,-1.050814762170671,6.191515643772108,,
2026-01-14,594.35,592.0,599.88,566.01,417330.0,7.240000000000009,1.2381147821328486,5.792119844038581,,
2026-01-15,582.2,624.02,635.99,580.02,459038.0,32.01999999999998,5.408783783783777,9.454391891891897,,
2026-01-16,634.97,616.0,644.0,614.02,372724.0,-8.019999999999982,-1.2852152174609777,4.8043331944488985,,
2026-01-19,604.0,604.5,618.0,601.57,223079.0,-11.5,-1.8668831168831224,2.667207792207784,,
2026-01-20,604.52,584.0,607.0,579.0,262900.0,-20.5,-3.3912324234904867,4.631927212572374,,
2026-01-21,585.24,580.9,598.66,580.0,250959.0,-3.1000000000000227,-0.5308219178082219,3.1952054794520492,,
2026-01-22,589.08,620.0,623.5,584.0,401944.0,39.10000000000002,6.7309347564124655,6.7997934239972455,,
2026-01-23,613.0,584.0,614.0,579.16,396560.0,-36.0,-5.8064516129032295,5.6193548387096826,,
2026-01-26,579.0,588.8,597.0,571.01,260881.0,4.7999999999999545,0.8219178082191636,4.450342465753426,,
2026-01-27,588.96,614.6,629.0,585.7,387287.0,25.800000000000068,4.381793478260887,7.3539402173912976,,
2026-01-28,631.0,627.0,643.98,622.0,329264.0,12.399999999999977,2.017572404816126,3.576309794988614,,
2026-01-29,636.0,612.85,636.95,609.11,248940.0,-14.149999999999977,-2.2567783094098792,4.440191387559814,,
2026-01-30,615.2,648.0,652.58,604.93,357592.0,35.14999999999998,5.735498082728241,7.775148894509274,,
2026-02-02,634.01,590.0,657.58,590.0,559980.0,-58.0,-8.950617283950614,10.429012345679018,,
2026-02-03,606.0,588.7,617.8,575.0,429180.0,-1.2999999999999545,-0.22033898305083843,7.254237288135585,,
2026-02-04,569.0,559.0,573.55,524.13,527210.0,-29.700000000000045,-5.045014438593521,8.394768133174784,,
2026-02-05,560.01,560.99,576.75,555.01,318675.0,1.990000000000009,0.3559928443649385,3.8890876565295183,,
2026-02-06,547.11,539.01,560.88,529.3,328676.0,-21.980000000000018,-3.9180734059430677,5.629333856218478,,
2026-02-09,560.0,564.99,572.99,549.12,366633.0,25.980000000000018,4.819947681861203,4.428489267360533,,
2026-02-10,560.55,554.71,572.68,554.5,217158.0,-10.279999999999973,-1.8195012301102653,3.217756066479044,,
2026-02-11,550.01,530.91,553.0,521.53,397136.0,-23.800000000000068,-4.290530186944541,5.67323466315733,,
2026-02-12,534.0,526.46,545.38,522.38,301786.0,-4.449999999999932,-0.8381834962611245,4.332184362698009,,
2026-02-13,523.0,530.0,542.8,514.0,260436.0,3.5399999999999636,0.6724157580822787,5.47050108270333,,
2026-02-24,541.0,553.0,571.02,521.0,356558.0,23.0,4.339622641509444,9.4377358490566,,
2026-02-25,549.0,565.07,568.86,547.0,214792.0,12.07000000000005,2.182640144665471,3.952983725135626,,
2026-02-26,565.07,571.22,573.0,558.0,252800.0,6.149999999999977,1.0883607340683499,2.6545383757764522,,
2026-02-27,554.0,533.0,558.98,530.11,347125.0,-38.22000000000003,-6.6909421939007725,5.054094744581772,,
2026-03-02,519.0,569.58,579.0,519.0,493103.0,36.58000000000004,6.863039399624782,11.25703564727955,,
2026-03-03,569.8,562.8,598.04,562.28,393101.0,-6.780000000000086,-1.1903507847888073,6.278310333930262,,
2026-03-04,553.02,538.0,562.5,535.5,307429.0,-24.799999999999955,-4.4065387348969365,4.797441364605544,,
2026-03-05,555.0,556.0,584.0,551.6,379004.0,18.0,3.3457249070631967,6.0223048327137505,,
2026-03-06,552.0,544.48,558.98,536.06,219668.0,-11.519999999999982,-2.0719424460431624,4.122302158273394,,
2026-03-09,519.1,524.99,527.3,505.0,314743.0,-19.49000000000001,-3.579562151043203,4.0956508962679905,,
2026-03-10,539.0,546.0,547.98,529.02,283094.0,21.00999999999999,4.001980990114085,3.6114973618545183,,
2026-03-11,556.0,553.68,567.9,552.0,238972.0,7.67999999999995,1.4065934065933927,2.912087912087908,,
2026-03-12,556.25,533.8,562.58,527.5,239117.0,-19.879999999999995,-3.590521600924723,6.335789625776631,,
2026-03-13,525.5,541.02,547.88,524.01,211982.0,7.220000000000027,1.3525665043087276,4.471712251779694,,
2026-03-16,548.05,560.7,564.0,539.32,274320.0,19.680000000000064,3.637573472330047,4.561753724446406,,
2026-03-17,569.0,542.0,576.88,538.0,300410.0,-18.700000000000045,-3.3351168182628954,6.934189406099517,,
2026-03-18,552.86,579.0,581.05,549.0,377805.0,37.0,6.826568265682664,5.91328413284132,,
2026-03-19,579.0,574.2,591.8,568.9,331408.0,-4.7999999999999545,-0.8290155440414448,3.9550949913644176,,
2026-03-20,604.0,611.0,631.72,603.1,538539.0,36.799999999999955,6.4089167537443315,4.984326018808778,,
2026-03-23,589.31,598.62,617.1,584.0,378520.0,-12.379999999999995,-2.0261865793780642,5.417348608837974,,
2026-03-24,598.0,602.19,604.0,576.0,282636.0,3.57000000000005,0.5963716548060605,4.677424743576894,,
2026-03-25,624.0,627.4,634.0,615.05,335631.0,25.209999999999923,4.186386356465555,3.146847340540368,,
2026-03-26,625.89,613.2,644.0,611.83,262769.0,-14.199999999999932,-2.2633088938476154,5.127510360216761,,
2026-03-27,597.85,597.0,608.88,587.66,224326.0,-16.200000000000045,-2.641878669275932,3.460534898891068,,
2026-03-30,584.0,588.08,594.58,578.0,209255.0,-8.919999999999959,-1.4941373534338331,2.777219430485769,,
2026-03-31,570.0,568.41,584.9,554.0,261202.0,-19.670000000000073,-3.344783022718012,5.254387158209763,,
2026-04-01,590.0,600.87,601.0,580.2,255405.0,32.460000000000036,5.710666596294933,3.659330412906169,,
2026-04-02,592.01,581.0,595.77,577.69,177310.0,-19.870000000000005,-3.3068717026977557,3.008970326360099,,
2026-04-03,599.0,605.52,624.0,593.35,290271.0,24.519999999999982,4.220309810671252,5.275387263339066,,
2026-04-07,607.0,618.53,635.66,596.7,239031.0,13.009999999999991,2.1485665213370364,6.434139252212962,,
2026-04-08,652.53,687.14,687.26,642.0,396630.0,68.61000000000001,11.092428823177535,7.317349198907085,,
2026-04-09,681.0,692.02,699.0,677.01,249619.0,4.8799999999999955,0.7101900631603542,3.2002212067409856,,
2026-04-10,699.0,733.65,742.04,693.01,330801.0,41.629999999999995,6.015722088956976,7.085055345221232,,
2026-04-13,737.8,737.0,743.0,713.23,228876.0,3.3500000000000227,0.45662100456620447,4.057793225652557,,
2026-04-14,749.0,772.0,785.22,747.78,292668.0,35.0,4.748982360922649,5.080054274084132,,
2026-04-15,786.0,778.98,807.83,765.0,323452.0,6.980000000000018,0.9041450777202087,5.547927461139902,,
2026-04-16,771.37,808.61,809.11,761.35,286570.0,29.629999999999995,3.8036920074969727,6.1310945082030335,,
2026-04-17,840.0,850.0,864.0,819.24,398572.0,41.389999999999986,5.118660417259235,5.5354249885606155,,
2026-04-20,848.0,849.0,877.98,839.58,272631.0,-1.0,-0.11764705882353343,4.517647058823527,,
2026-04-21,848.75,863.86,867.0,838.0,251138.0,14.860000000000014,1.7502944640753748,3.415783274440518,,
2026-04-22,858.3,885.62,892.2,853.0,294383.0,21.75999999999999,2.5189266779339192,4.537772324219207,,
2026-04-23,889.0,896.0,918.99,876.78,309869.0,10.379999999999995,1.1720602515751688,4.766152525914054,,
2026-04-24,899.25,885.99,914.0,853.53,383884.0,-10.009999999999991,-1.1171874999999942,6.748883928571432,,
2026-04-27,898.0,856.03,899.0,853.0,318149.0,-29.960000000000036,-3.3815280082168053,5.19193218885089,,
2026-04-28,853.0,824.0,853.0,820.0,295109.0,-32.02999999999997,-3.741691295865801,3.8550050815976076,,
2026-04-29,815.23,845.0,862.0,815.23,251731.0,21.0,2.5485436893203817,5.675970873786405,,
2026-04-30,863.66,857.5,874.65,845.0,212710.0,12.5,1.4792899408283988,3.5088757396449677,,
2026-05-06,888.5,856.0,889.0,840.45,309386.0,-1.5,-0.1749271137026276,5.661807580174922,,
2026-05-07,858.0,877.47,889.15,835.0,277190.0,21.470000000000027,2.5081775700934505,6.325934579439249,,
2026-05-08,864.95,886.0,898.95,861.56,197641.0,8.529999999999973,0.9721130067124717,4.26111434009141,,
2026-05-11,889.06,940.13,946.79,870.0,322655.0,54.129999999999995,6.109480812641088,8.667042889390515,,
2026-05-12,961.0,1017.99,1022.9,960.0,345421.0,77.86000000000001,8.281833363471014,6.690564070926359,,
2026-05-13,999.68,1049.2,1052.2,991.12,260005.0,31.210000000000036,3.0658454405249502,6.000058939675246,,
2026-05-14,1065.0,1078.0,1088.88,1025.1,300571.0,28.799999999999955,2.744948532215008,6.078917270301201,,
2026-05-15,1068.99,1049.87,1099.87,1034.0,276253.0,-28.13000000000011,-2.6094619666048313,6.1103896103896,,
2026-05-18,1030.03,1045.0,1075.0,1030.03,243132.0,-4.869999999999891,-0.4638669549563157,4.28338746701973,,
2026-05-19,1026.0,1030.0,1037.38,988.88,272749.0,-15.0,-1.4354066985645897,4.641148325358863,,
2026-05-20,1019.11,1037.0,1071.0,1019.11,225973.0,7.0,0.6796116504854455,5.0378640776699015,,
2026-05-21,1060.0,993.34,1065.0,993.34,237726.0,-43.65999999999997,-4.210221793635482,6.910318225650913,,
2026-05-22,1010.04,1037.98,1044.87,1006.18,209338.0,44.639999999999986,4.493929570942479,3.8949403024140716,,
2026-05-25,1054.99,1093.0,1094.98,1025.55,250761.0,55.01999999999998,5.300680167247918,6.68895354438429,,
2026-05-26,1079.0,1103.0,1110.0,1076.0,234391.0,10.0,0.9149130832570851,3.110704483074108,,
2026-05-27,1090.0,1111.37,1147.0,1088.67,250688.0,8.36999999999989,0.7588395285584637,5.288304623753393,,
2026-05-28,1100.0,1197.99,1199.79,1085.56,287465.0,86.62000000000012,7.793984001727616,10.278305154898911,,
2026-05-29,1190.0,1161.16,1209.99,1155.0,287268.0,-36.82999999999993,-3.0743161462115642,4.590188565847796,,
2026-06-01,1161.0,1130.0,1183.61,1113.9,269782.0,-31.160000000000082,-2.6835233731785535,6.003479279341332,,
2026-06-02,1153.6,1191.81,1205.58,1140.01,290063.0,61.809999999999945,5.469911504424774,5.802654867256631,,
2026-06-03,1220.0,1275.0,1320.0,1220.0,345251.0,83.19000000000005,6.9801394517582604,8.390599172686922,,
2026-06-04,1250.0,1280.0,1290.0,1241.36,217142.0,5.0,0.39215686274509665,3.8149019607843213,,
2026-06-05,1273.2,1179.99,1301.51,1160.0,474741.0,-100.00999999999999,-7.813281250000004,11.05546875,,
2026-06-08,1132.79,1154.99,1179.45,1132.0,336120.0,-25.0,-2.1186620225595143,4.02122051881796,,
2026-06-09,1140.97,1180.0,1196.16,1126.9,398930.0,25.00999999999999,2.1653867133048843,5.996588715053809,,
2026-06-10,1150.0,1147.0,1174.0,1128.8,228965.0,-33.0,-2.79661016949152,3.830508474576275,,
2026-06-11,1136.0,1124.0,1174.9,1093.0,305924.0,-23.0,-2.005231037489097,7.140366172624245,,
2026-06-12,1182.0,1149.0,1188.5,1128.18,346851.0,25.0,2.2241992882562345,5.36654804270462,,
2026-06-15,1175.0,1245.0,1245.0,1122.0,342237.0,96.0,8.355091383812008,10.704960835509137,,
2026-06-16,1240.0,1248.09,1273.68,1232.46,232822.0,3.089999999999918,0.24819277108432125,3.310843373493978,,
2026-06-17,1228.0,1276.11,1276.13,1220.05,217562.0,28.019999999999982,2.245030406461068,4.4932657100049,,
2026-06-18,1270.0,1367.88,1368.5,1268.73,285516.0,91.77000000000021,7.191386322495719,7.818291526592534,,
2026-06-22,1367.78,1382.33,1416.88,1343.38,280333.0,14.449999999999818,1.0563792145509732,5.373278357750679,,
2026-06-23,1395.0,1310.01,1395.0,1300.0,291773.0,-72.31999999999994,-5.231746399195558,6.87245447903178,,
2026-06-24,1313.61,1312.18,1344.88,1282.15,262257.0,2.1700000000000728,0.1656475904764143,4.788513064785766,,
2026-06-25,1326.0,1323.4,1345.09,1280.02,376090.0,11.220000000000027,0.8550656159977965,4.95892331844716,,
2026-06-26,1296.0,1253.89,1296.94,1235.13,352811.0,-69.50999999999999,-5.2523802327338664,4.670545564455187,,
2026-06-29,1239.0,1220.0,1264.21,1169.49,352899.0,-33.8900000000001,-2.7027889208782296,7.554091666733129,,
2026-06-30,1223.01,1270.0,1295.6,1218.21,276783.0,50.0,4.098360655737698,6.34344262295081,,
2026-07-01,1263.5,1223.17,1315.57,1208.0,271557.0,-46.82999999999993,-3.6874015748031397,8.470078740157476,,
2026-07-02,1160.0,1143.0,1198.0,1127.4,317620.0,-80.17000000000007,-6.554281089300762,5.771887799733472,,
2026-07-03,1130.0,1116.0,1188.01,1115.0,328618.0,-27.0,-2.3622047244094446,6.3875765529308834,,
